accuracy,macro_f1,fraud_f1,roc_auc_cv
0.999136713,0.958373054,0.917180014,0.99909743